CREATE EXTENSION IF NOT EXISTS pgcrypto;

CREATE TABLE IF NOT EXISTS planos (
  id BIGINT GENERATED BY DEFAULT AS IDENTITY PRIMARY KEY,
  codigo VARCHAR(50) NOT NULL UNIQUE,
  nome VARCHAR(120) NOT NULL,
  descricao TEXT,
  tipo_exibicao VARCHAR(30) NOT NULL,
  preco_mensal NUMERIC(10,2) NOT NULL DEFAULT 0,
  permite_cardapio BOOLEAN NOT NULL DEFAULT FALSE,
  permite_produtos BOOLEAN NOT NULL DEFAULT FALSE,
  permite_pedidos BOOLEAN NOT NULL DEFAULT FALSE,
  permite_relatorios BOOLEAN NOT NULL DEFAULT FALSE,
  limite_produtos INTEGER,
  limite_banners INTEGER,
  ativo BOOLEAN NOT NULL DEFAULT TRUE,
  created_at TIMESTAMPTZ NOT NULL DEFAULT NOW(),
  updated_at TIMESTAMPTZ NOT NULL DEFAULT NOW()
);

CREATE TABLE IF NOT EXISTS usuarios (
  id BIGINT GENERATED BY DEFAULT AS IDENTITY PRIMARY KEY,
  uuid UUID NOT NULL UNIQUE,
  nome VARCHAR(150) NOT NULL,
  email VARCHAR(190) NOT NULL UNIQUE,
  telefone VARCHAR(30) UNIQUE,
  whatsapp VARCHAR(30),
  senha_hash VARCHAR(255) NOT NULL,
  tipo_usuario VARCHAR(30) NOT NULL,
  status VARCHAR(30) NOT NULL DEFAULT 'PENDENTE',
  ultimo_login_em TIMESTAMPTZ,
  email_verificado_em TIMESTAMPTZ,
  telefone_verificado_em TIMESTAMPTZ,
  avatar_url VARCHAR(255),
  observacoes_internas TEXT,
  created_at TIMESTAMPTZ NOT NULL DEFAULT NOW(),
  updated_at TIMESTAMPTZ NOT NULL DEFAULT NOW(),
  deleted_at TIMESTAMPTZ
);

CREATE TABLE IF NOT EXISTS clientes (
  id BIGINT GENERATED BY DEFAULT AS IDENTITY PRIMARY KEY,
  usuario_id BIGINT NOT NULL UNIQUE REFERENCES usuarios(id) ON DELETE RESTRICT,
  cpf_cnpj VARCHAR(20),
  data_nascimento DATE,
  genero VARCHAR(30),
  endereco_principal_cep VARCHAR(12),
  endereco_principal_logradouro VARCHAR(180),
  endereco_principal_numero VARCHAR(20),
  endereco_principal_complemento VARCHAR(120),
  endereco_principal_bairro VARCHAR(120),
  endereco_principal_cidade VARCHAR(120),
  endereco_principal_estado CHAR(2),
  referencia_endereco VARCHAR(180),
  aceita_marketing BOOLEAN NOT NULL DEFAULT FALSE,
  created_at TIMESTAMPTZ NOT NULL DEFAULT NOW(),
  updated_at TIMESTAMPTZ NOT NULL DEFAULT NOW()
);

CREATE TABLE IF NOT EXISTS administradores (
  id BIGINT GENERATED BY DEFAULT AS IDENTITY PRIMARY KEY,
  usuario_id BIGINT NOT NULL UNIQUE REFERENCES usuarios(id) ON DELETE RESTRICT,
  nivel_acesso VARCHAR(30) NOT NULL DEFAULT 'OPERADOR',
  departamento VARCHAR(100),
  ultimo_acesso_painel_em TIMESTAMPTZ,
  created_at TIMESTAMPTZ NOT NULL DEFAULT NOW(),
  updated_at TIMESTAMPTZ NOT NULL DEFAULT NOW()
);

CREATE TABLE IF NOT EXISTS donos_loja (
  id BIGINT GENERATED BY DEFAULT AS IDENTITY PRIMARY KEY,
  usuario_id BIGINT NOT NULL UNIQUE REFERENCES usuarios(id) ON DELETE RESTRICT,
  nome_fantasia VARCHAR(180),
  razao_social VARCHAR(180),
  cpf_cnpj VARCHAR(20) UNIQUE,
  inscricao_estadual VARCHAR(30),
  data_adesao TIMESTAMPTZ,
  created_at TIMESTAMPTZ NOT NULL DEFAULT NOW(),
  updated_at TIMESTAMPTZ NOT NULL DEFAULT NOW()
);

CREATE TABLE IF NOT EXISTS solicitacoes_cadastro (
  id BIGINT GENERATED BY DEFAULT AS IDENTITY PRIMARY KEY,
  protocolo VARCHAR(30) NOT NULL UNIQUE,
  tipo_solicitacao VARCHAR(30) NOT NULL,
  nome_empresa VARCHAR(180) NOT NULL,
  nome_responsavel VARCHAR(150),
  email VARCHAR(190),
  telefone VARCHAR(30),
  whatsapp VARCHAR(30) NOT NULL,
  cpf_cnpj VARCHAR(20),
  categoria_principal VARCHAR(100) NOT NULL,
  descricao_resumida VARCHAR(255),
  cidade VARCHAR(120),
  estado CHAR(2),
  endereco_logradouro VARCHAR(180),
  endereco_numero VARCHAR(20),
  endereco_bairro VARCHAR(120),
  endereco_complemento VARCHAR(120),
  cep VARCHAR(12),
  horario_funcionamento VARCHAR(180),
  logo_url VARCHAR(255),
  capa_url VARCHAR(255),
  observacoes TEXT,
  plano_id BIGINT NOT NULL REFERENCES planos(id) ON DELETE RESTRICT,
  usuario_id BIGINT REFERENCES usuarios(id) ON DELETE SET NULL,
  dono_loja_id BIGINT REFERENCES donos_loja(id) ON DELETE SET NULL,
  status_solicitacao VARCHAR(40) NOT NULL DEFAULT 'PENDENTE',
  status_pagamento VARCHAR(40) NOT NULL DEFAULT 'NAO_APLICAVEL',
  analisado_por_admin_id BIGINT REFERENCES administradores(id) ON DELETE SET NULL,
  analisado_em TIMESTAMPTZ,
  motivo_rejeicao TEXT,
  created_at TIMESTAMPTZ NOT NULL DEFAULT NOW(),
  updated_at TIMESTAMPTZ NOT NULL DEFAULT NOW()
);

CREATE TABLE IF NOT EXISTS lojas (
  id BIGINT GENERATED BY DEFAULT AS IDENTITY PRIMARY KEY,
  uuid UUID NOT NULL UNIQUE,
  dono_loja_id BIGINT NOT NULL REFERENCES donos_loja(id) ON DELETE RESTRICT,
  plano_id BIGINT NOT NULL REFERENCES planos(id) ON DELETE RESTRICT,
  solicitacao_cadastro_id BIGINT REFERENCES solicitacoes_cadastro(id) ON DELETE SET NULL,
  nome VARCHAR(180) NOT NULL,
  slug VARCHAR(180) NOT NULL UNIQUE,
  categoria_principal VARCHAR(100) NOT NULL,
  descricao_curta VARCHAR(255),
  descricao_completa TEXT,
  email_contato VARCHAR(190),
  telefone VARCHAR(30),
  whatsapp VARCHAR(30) NOT NULL,
  website_url VARCHAR(255),
  instagram_url VARCHAR(255),
  facebook_url VARCHAR(255),
  logo_url VARCHAR(255),
  capa_url VARCHAR(255),
  endereco_cep VARCHAR(12),
  endereco_logradouro VARCHAR(180),
  endereco_numero VARCHAR(20),
  endereco_complemento VARCHAR(120),
  endereco_bairro VARCHAR(120),
  endereco_cidade VARCHAR(120),
  endereco_estado CHAR(2),
  latitude NUMERIC(10,7),
  longitude NUMERIC(10,7),
  horario_funcionamento VARCHAR(180),
  modo_operacao VARCHAR(30) NOT NULL,
  status_loja VARCHAR(30) NOT NULL DEFAULT 'PENDENTE',
  destaque_home BOOLEAN NOT NULL DEFAULT FALSE,
  aceita_pedidos BOOLEAN NOT NULL DEFAULT TRUE,
  aprovado_por_admin_id BIGINT REFERENCES administradores(id) ON DELETE SET NULL,
  aprovado_em TIMESTAMPTZ,
  bloqueado_em TIMESTAMPTZ,
  motivo_status TEXT,
  created_at TIMESTAMPTZ NOT NULL DEFAULT NOW(),
  updated_at TIMESTAMPTZ NOT NULL DEFAULT NOW(),
  deleted_at TIMESTAMPTZ
);

CREATE TABLE IF NOT EXISTS configuracoes_loja (
  id BIGINT GENERATED BY DEFAULT AS IDENTITY PRIMARY KEY,
  loja_id BIGINT NOT NULL UNIQUE REFERENCES lojas(id) ON DELETE CASCADE,
  cor_primaria VARCHAR(20),
  cor_secundaria VARCHAR(20),
  taxa_entrega_padrao NUMERIC(10,2) NOT NULL DEFAULT 0,
  pedido_minimo NUMERIC(10,2) NOT NULL DEFAULT 0,
  tempo_medio_preparo_minutos INTEGER,
  tempo_medio_entrega_minutos INTEGER,
  aceita_retirada BOOLEAN NOT NULL DEFAULT TRUE,
  aceita_entrega BOOLEAN NOT NULL DEFAULT TRUE,
  exibir_produtos_esgotados BOOLEAN NOT NULL DEFAULT FALSE,
  exibir_whatsapp BOOLEAN NOT NULL DEFAULT TRUE,
  mensagem_boas_vindas TEXT,
  politica_troca TEXT,
  politica_entrega TEXT,
  seo_title VARCHAR(255),
  seo_description TEXT,
  created_at TIMESTAMPTZ NOT NULL DEFAULT NOW(),
  updated_at TIMESTAMPTZ NOT NULL DEFAULT NOW()
);

CREATE TABLE IF NOT EXISTS cards_home (
  id BIGINT GENERATED BY DEFAULT AS IDENTITY PRIMARY KEY,
  loja_id BIGINT NOT NULL REFERENCES lojas(id) ON DELETE CASCADE,
  titulo_exibicao VARCHAR(150) NOT NULL,
  subtitulo_exibicao VARCHAR(180),
  descricao_curta VARCHAR(255),
  imagem_url VARCHAR(255),
  botao_label VARCHAR(60) NOT NULL DEFAULT 'Ver loja',
  link_destino VARCHAR(255),
  tipo_card VARCHAR(20) NOT NULL DEFAULT 'LOJA',
  ordem_exibicao INTEGER NOT NULL DEFAULT 0,
  ativo BOOLEAN NOT NULL DEFAULT TRUE,
  data_inicio TIMESTAMPTZ,
  data_fim TIMESTAMPTZ,
  created_at TIMESTAMPTZ NOT NULL DEFAULT NOW(),
  updated_at TIMESTAMPTZ NOT NULL DEFAULT NOW()
);

CREATE TABLE IF NOT EXISTS categorias (
  id BIGINT GENERATED BY DEFAULT AS IDENTITY PRIMARY KEY,
  loja_id BIGINT NOT NULL REFERENCES lojas(id) ON DELETE CASCADE,
  nome VARCHAR(120) NOT NULL,
  slug VARCHAR(150) NOT NULL,
  descricao VARCHAR(255),
  tipo_categoria VARCHAR(20) NOT NULL DEFAULT 'AMBOS',
  ordem_exibicao INTEGER NOT NULL DEFAULT 0,
  ativo BOOLEAN NOT NULL DEFAULT TRUE,
  created_at TIMESTAMPTZ NOT NULL DEFAULT NOW(),
  updated_at TIMESTAMPTZ NOT NULL DEFAULT NOW(),
  UNIQUE (loja_id, slug)
);

CREATE TABLE IF NOT EXISTS cardapios (
  id BIGINT GENERATED BY DEFAULT AS IDENTITY PRIMARY KEY,
  loja_id BIGINT NOT NULL REFERENCES lojas(id) ON DELETE CASCADE,
  categoria_id BIGINT REFERENCES categorias(id) ON DELETE SET NULL,
  nome VARCHAR(120) NOT NULL,
  descricao VARCHAR(255),
  status_cardapio VARCHAR(20) NOT NULL DEFAULT 'ATIVO',
  ordem_exibicao INTEGER NOT NULL DEFAULT 0,
  created_at TIMESTAMPTZ NOT NULL DEFAULT NOW(),
  updated_at TIMESTAMPTZ NOT NULL DEFAULT NOW()
);

CREATE TABLE IF NOT EXISTS produtos (
  id BIGINT GENERATED BY DEFAULT AS IDENTITY PRIMARY KEY,
  loja_id BIGINT NOT NULL REFERENCES lojas(id) ON DELETE CASCADE,
  categoria_id BIGINT REFERENCES categorias(id) ON DELETE SET NULL,
  cardapio_id BIGINT REFERENCES cardapios(id) ON DELETE SET NULL,
  sku VARCHAR(60),
  nome VARCHAR(150) NOT NULL,
  slug VARCHAR(180) NOT NULL,
  descricao TEXT,
  descricao_curta VARCHAR(255),
  imagem_url VARCHAR(255),
  preco NUMERIC(10,2) NOT NULL,
  preco_promocional NUMERIC(10,2),
  custo NUMERIC(10,2),
  estoque_atual INTEGER NOT NULL DEFAULT 0,
  estoque_minimo INTEGER NOT NULL DEFAULT 0,
  controla_estoque BOOLEAN NOT NULL DEFAULT TRUE,
  permite_venda_sem_estoque BOOLEAN NOT NULL DEFAULT FALSE,
  destaque_home BOOLEAN NOT NULL DEFAULT FALSE,
  peso_gramas INTEGER,
  status_produto VARCHAR(20) NOT NULL DEFAULT 'ATIVO',
  created_at TIMESTAMPTZ NOT NULL DEFAULT NOW(),
  updated_at TIMESTAMPTZ NOT NULL DEFAULT NOW(),
  deleted_at TIMESTAMPTZ,
  UNIQUE (loja_id, slug),
  UNIQUE (loja_id, sku)
);

CREATE TABLE IF NOT EXISTS pedidos (
  id BIGINT GENERATED BY DEFAULT AS IDENTITY PRIMARY KEY,
  codigo VARCHAR(30) NOT NULL UNIQUE,
  carrinho_id BIGINT,
  loja_id BIGINT NOT NULL REFERENCES lojas(id) ON DELETE CASCADE,
  cliente_id BIGINT NOT NULL REFERENCES clientes(id) ON DELETE RESTRICT,
  numero_pedido_loja INTEGER,
  status_pedido VARCHAR(30) NOT NULL DEFAULT 'NOVO',
  status_pagamento VARCHAR(30) NOT NULL DEFAULT 'PENDENTE',
  tipo_entrega VARCHAR(20) NOT NULL DEFAULT 'ENTREGA',
  canal_venda VARCHAR(20) NOT NULL DEFAULT 'SITE',
  nome_cliente VARCHAR(150) NOT NULL,
  telefone_cliente VARCHAR(30) NOT NULL,
  email_cliente VARCHAR(190),
  endereco_entrega_cep VARCHAR(12),
  endereco_entrega_logradouro VARCHAR(180),
  endereco_entrega_numero VARCHAR(20),
  endereco_entrega_complemento VARCHAR(120),
  endereco_entrega_bairro VARCHAR(120),
  endereco_entrega_cidade VARCHAR(120),
  endereco_entrega_estado CHAR(2),
  referencia_entrega VARCHAR(180),
  observacoes_cliente TEXT,
  subtotal NUMERIC(10,2) NOT NULL DEFAULT 0,
  desconto NUMERIC(10,2) NOT NULL DEFAULT 0,
  taxa_entrega NUMERIC(10,2) NOT NULL DEFAULT 0,
  total NUMERIC(10,2) NOT NULL DEFAULT 0,
  data_confirmacao TIMESTAMPTZ,
  data_saida_entrega TIMESTAMPTZ,
  data_conclusao TIMESTAMPTZ,
  cancelado_em TIMESTAMPTZ,
  created_at TIMESTAMPTZ NOT NULL DEFAULT NOW(),
  updated_at TIMESTAMPTZ NOT NULL DEFAULT NOW()
);

CREATE TABLE IF NOT EXISTS itens_pedido (
  id BIGINT GENERATED BY DEFAULT AS IDENTITY PRIMARY KEY,
  pedido_id BIGINT NOT NULL REFERENCES pedidos(id) ON DELETE CASCADE,
  produto_id BIGINT REFERENCES produtos(id) ON DELETE RESTRICT,
  produto_nome VARCHAR(150) NOT NULL,
  sku_produto VARCHAR(60),
  quantidade INTEGER NOT NULL DEFAULT 1,
  preco_unitario NUMERIC(10,2) NOT NULL,
  desconto_unitario NUMERIC(10,2) NOT NULL DEFAULT 0,
  subtotal NUMERIC(10,2) NOT NULL,
  observacoes TEXT,
  created_at TIMESTAMPTZ NOT NULL DEFAULT NOW(),
  updated_at TIMESTAMPTZ NOT NULL DEFAULT NOW()
);

CREATE TABLE IF NOT EXISTS historico_status_pedido (
  id BIGINT GENERATED BY DEFAULT AS IDENTITY PRIMARY KEY,
  pedido_id BIGINT NOT NULL REFERENCES pedidos(id) ON DELETE CASCADE,
  status_anterior VARCHAR(30),
  status_novo VARCHAR(30) NOT NULL,
  alterado_por_usuario_id BIGINT,
  observacao TEXT,
  created_at TIMESTAMPTZ NOT NULL DEFAULT NOW()
);

CREATE TABLE IF NOT EXISTS metricas (
  id BIGINT GENERATED BY DEFAULT AS IDENTITY PRIMARY KEY,
  loja_id BIGINT NOT NULL REFERENCES lojas(id) ON DELETE CASCADE,
  data_referencia DATE NOT NULL,
  visitas_loja INTEGER NOT NULL DEFAULT 0,
  visualizacoes_card_home INTEGER NOT NULL DEFAULT 0,
  cliques_whatsapp INTEGER NOT NULL DEFAULT 0,
  cliques_ligacao INTEGER NOT NULL DEFAULT 0,
  cliques_site INTEGER NOT NULL DEFAULT 0,
  produtos_visualizados INTEGER NOT NULL DEFAULT 0,
  carrinhos_criados INTEGER NOT NULL DEFAULT 0,
  pedidos_recebidos INTEGER NOT NULL DEFAULT 0,
  pedidos_concluidos INTEGER NOT NULL DEFAULT 0,
  pedidos_cancelados INTEGER NOT NULL DEFAULT 0,
  faturamento_bruto NUMERIC(10,2) NOT NULL DEFAULT 0,
  faturamento_liquido NUMERIC(10,2) NOT NULL DEFAULT 0,
  ticket_medio NUMERIC(10,2) NOT NULL DEFAULT 0,
  taxa_conversao NUMERIC(10,2) NOT NULL DEFAULT 0,
  created_at TIMESTAMPTZ NOT NULL DEFAULT NOW(),
  updated_at TIMESTAMPTZ NOT NULL DEFAULT NOW()
);

CREATE TABLE IF NOT EXISTS product_option_groups (
  id BIGINT GENERATED BY DEFAULT AS IDENTITY PRIMARY KEY,
  loja_id BIGINT NOT NULL REFERENCES lojas(id) ON DELETE CASCADE,
  nome VARCHAR(120) NOT NULL,
  descricao VARCHAR(255),
  tipo VARCHAR(20) NOT NULL DEFAULT 'single',
  obrigatorio BOOLEAN NOT NULL DEFAULT FALSE,
  minimo_selecoes INTEGER NOT NULL DEFAULT 0,
  maximo_selecoes INTEGER NOT NULL DEFAULT 1,
  ordem_exibicao INTEGER NOT NULL DEFAULT 0,
  ativo BOOLEAN NOT NULL DEFAULT TRUE,
  created_at TIMESTAMPTZ NOT NULL DEFAULT NOW(),
  updated_at TIMESTAMPTZ NOT NULL DEFAULT NOW()
);

CREATE TABLE IF NOT EXISTS product_option_items (
  id BIGINT GENERATED BY DEFAULT AS IDENTITY PRIMARY KEY,
  group_id BIGINT NOT NULL REFERENCES product_option_groups(id) ON DELETE CASCADE,
  nome VARCHAR(120) NOT NULL,
  descricao VARCHAR(255),
  preco_adicional NUMERIC(10,2) NOT NULL DEFAULT 0,
  ordem_exibicao INTEGER NOT NULL DEFAULT 0,
  ativo BOOLEAN NOT NULL DEFAULT TRUE,
  created_at TIMESTAMPTZ NOT NULL DEFAULT NOW(),
  updated_at TIMESTAMPTZ NOT NULL DEFAULT NOW()
);

CREATE TABLE IF NOT EXISTS product_group_links (
  id BIGINT GENERATED BY DEFAULT AS IDENTITY PRIMARY KEY,
  product_id BIGINT NOT NULL REFERENCES produtos(id) ON DELETE CASCADE,
  group_id BIGINT NOT NULL REFERENCES product_option_groups(id) ON DELETE CASCADE,
  ordem_exibicao INTEGER NOT NULL DEFAULT 0,
  created_at TIMESTAMPTZ NOT NULL DEFAULT NOW(),
  UNIQUE (product_id, group_id)
);

INSERT INTO planos (id, codigo, nome, descricao, tipo_exibicao, preco_mensal, permite_cardapio, permite_produtos, permite_pedidos, permite_relatorios, limite_produtos, limite_banners, ativo)
VALUES
  (1, 'FREE', 'Plano Gratis', 'Card simples na home com redirecionamento para WhatsApp.', 'WHATSAPP_ONLY', 0.00, FALSE, FALSE, FALSE, FALSE, NULL, 1, TRUE),
  (2, 'PRO', 'Plano Pago', 'Loja completa com catalogo, carrinho, pedidos, vendas e relatorios.', 'LOJA_COMPLETA', 49.90, TRUE, TRUE, TRUE, TRUE, NULL, 10, TRUE)
ON CONFLICT (id) DO NOTHING;

INSERT INTO usuarios (id, uuid, nome, email, telefone, whatsapp, senha_hash, tipo_usuario, status, email_verificado_em, telefone_verificado_em)
VALUES
  (1, '11111111-1111-1111-1111-111111111111', 'Administrador Master', 'admin@temnaarea.com', '11999990000', '11999990000', encode(digest('admin123', 'sha256'), 'hex'), 'ADMINISTRADOR', 'ATIVO', NOW(), NOW()),
  (2, '22222222-2222-2222-2222-222222222222', 'Joao Silva', 'joao@burgernaarea.com', '11988887777', '11988887777', encode(digest('123456', 'sha256'), 'hex'), 'DONO_LOJA', 'ATIVO', NOW(), NOW()),
  (3, '33333333-3333-3333-3333-333333333333', 'Maria Souza', 'maria@temnaarea.com', '11977776666', '11977776666', encode(digest('123456', 'sha256'), 'hex'), 'CLIENTE', 'ATIVO', NOW(), NOW()),
  (4, '44444444-4444-4444-4444-444444444444', 'Carlos Lima', 'carlos@temnaarea.com', '11966665555', '11966665555', encode(digest('123456', 'sha256'), 'hex'), 'CLIENTE', 'ATIVO', NOW(), NOW()),
  (5, '55555555-5555-5555-5555-555555555555', 'Ana Costa', 'ana@docenaarea.com', '11955554444', '11955554444', encode(digest('123456', 'sha256'), 'hex'), 'DONO_LOJA', 'PENDENTE', NOW(), NOW())
ON CONFLICT (id) DO NOTHING;

INSERT INTO administradores (id, usuario_id, nivel_acesso, departamento, ultimo_acesso_painel_em)
VALUES (1, 1, 'SUPER_ADMIN', 'OPERACOES', NOW())
ON CONFLICT (id) DO NOTHING;

INSERT INTO donos_loja (id, usuario_id, nome_fantasia, razao_social, cpf_cnpj, data_adesao)
VALUES
  (1, 2, 'Burger na Area', 'Burger na Area LTDA', '12345678000190', NOW()),
  (2, 5, 'Doce na Area', 'Doce na Area ME', '98765432000110', NOW())
ON CONFLICT (id) DO NOTHING;

INSERT INTO clientes (id, usuario_id, cpf_cnpj, data_nascimento, endereco_principal_cep, endereco_principal_logradouro, endereco_principal_numero, endereco_principal_bairro, endereco_principal_cidade, endereco_principal_estado, referencia_endereco, aceita_marketing)
VALUES
  (1, 3, '12345678900', '1995-04-12', '01001-000', 'Rua das Flores', '120', 'Centro', 'Sao Paulo', 'SP', 'Apto 12', TRUE),
  (2, 4, '98765432100', '1992-09-23', '01310-100', 'Avenida Paulista', '900', 'Bela Vista', 'Sao Paulo', 'SP', 'Proximo ao metro', FALSE)
ON CONFLICT (id) DO NOTHING;

INSERT INTO solicitacoes_cadastro (id, protocolo, tipo_solicitacao, nome_empresa, nome_responsavel, email, telefone, whatsapp, cpf_cnpj, categoria_principal, descricao_resumida, cidade, estado, endereco_logradouro, endereco_numero, endereco_bairro, cep, horario_funcionamento, logo_url, capa_url, observacoes, plano_id, usuario_id, dono_loja_id, status_solicitacao, status_pagamento, analisado_por_admin_id, analisado_em)
VALUES
  (1, 'SOL-20260314-0001', 'LOJA_PAGA', 'Burger na Area', 'Joao Silva', 'joao@burgernaarea.com', '11988887777', '11988887777', '12345678000190', 'comida', 'Hamburgueria artesanal com entrega rapida.', 'Sao Paulo', 'SP', 'Rua dos Sabores', '45', 'Centro', '01010-000', 'Seg-Dom 18h as 23h', 'https://images.unsplash.com/photo-1568901346375-23c9450c58cd?auto=format&fit=crop&w=700&q=80', 'https://images.unsplash.com/photo-1513104890138-7c749659a591?auto=format&fit=crop&w=1200&q=80', 'Pagamento aprovado e cadastro liberado.', 2, 2, 1, 'APROVADA', 'APROVADO', 1, NOW()),
  (2, 'SOL-20260314-0002', 'LOJA_GRATIS', 'Doce na Area', 'Ana Costa', 'ana@docenaarea.com', '11955554444', '11955554444', '98765432000110', 'loja', 'Doces e bolos por encomenda com atendimento via WhatsApp.', 'Guarulhos', 'SP', 'Rua do Acucar', '88', 'Vila Augusta', '07023-010', 'Seg-Sab 09h as 18h', 'https://images.unsplash.com/photo-1519864600265-abb23847ef2c?auto=format&fit=crop&w=700&q=80', 'https://images.unsplash.com/photo-1551024601-bec78aea704b?auto=format&fit=crop&w=1200&q=80', 'Aguardando aprovacao do admin.', 1, 5, 2, 'PENDENTE', 'NAO_APLICAVEL', NULL, NULL)
ON CONFLICT (id) DO NOTHING;

INSERT INTO lojas (id, uuid, dono_loja_id, plano_id, solicitacao_cadastro_id, nome, slug, categoria_principal, descricao_curta, descricao_completa, email_contato, telefone, whatsapp, website_url, instagram_url, facebook_url, logo_url, capa_url, endereco_cep, endereco_logradouro, endereco_numero, endereco_bairro, endereco_cidade, endereco_estado, horario_funcionamento, modo_operacao, status_loja, destaque_home, aceita_pedidos, aprovado_por_admin_id, aprovado_em)
VALUES
  (1, 'aaaaaaaa-aaaa-aaaa-aaaa-aaaaaaaaaaaa', 1, 2, 1, 'Burger na Area', 'burger-na-area', 'comida', 'Hamburgueria artesanal com combos, porcoes e bebidas.', 'Loja completa com cardapio, carrinho, pedidos e acompanhamento em tempo real.', 'joao@burgernaarea.com', '11988887777', '11988887777', 'https://burgernaarea.com.br', 'https://instagram.com/burgernaarea', 'https://facebook.com/burgernaarea', 'https://images.unsplash.com/photo-1568901346375-23c9450c58cd?auto=format&fit=crop&w=700&q=80', 'https://images.unsplash.com/photo-1513104890138-7c749659a591?auto=format&fit=crop&w=1200&q=80', '01010-000', 'Rua dos Sabores', '45', 'Centro', 'Sao Paulo', 'SP', 'Seg-Dom 18h as 23h', 'LOJA_COMPLETA', 'ATIVA', TRUE, TRUE, 1, NOW()),
  (2, 'bbbbbbbb-bbbb-bbbb-bbbb-bbbbbbbbbbbb', 2, 1, 2, 'Doce na Area', 'doce-na-area', 'loja', 'Bolos e doces sob encomenda com atendimento direto no WhatsApp.', 'Card simples na home para pedidos e orcamentos via WhatsApp.', 'ana@docenaarea.com', '11955554444', '11955554444', NULL, 'https://instagram.com/docenaarea', NULL, 'https://images.unsplash.com/photo-1519864600265-abb23847ef2c?auto=format&fit=crop&w=700&q=80', 'https://images.unsplash.com/photo-1551024601-bec78aea704b?auto=format&fit=crop&w=1200&q=80', '07023-010', 'Rua do Acucar', '88', 'Vila Augusta', 'Guarulhos', 'SP', 'Seg-Sab 09h as 18h', 'WHATSAPP_ONLY', 'PENDENTE', FALSE, FALSE, NULL, NULL)
ON CONFLICT (id) DO NOTHING;

INSERT INTO configuracoes_loja (id, loja_id, cor_primaria, cor_secundaria, taxa_entrega_padrao, pedido_minimo, tempo_medio_preparo_minutos, tempo_medio_entrega_minutos, aceita_retirada, aceita_entrega, exibir_produtos_esgotados, exibir_whatsapp, mensagem_boas_vindas, politica_troca, politica_entrega, seo_title, seo_description)
VALUES
  (1, 1, '#d62828', '#1d1d1d', 6.00, 20.00, 20, 35, TRUE, TRUE, FALSE, TRUE, 'Bem-vindo ao Burger na Area. Monte seu pedido e acompanhe tudo online.', 'Trocas apenas em casos de erro operacional.', 'Entregas em ate 45 minutos dentro da area atendida.', 'Burger na Area | Hamburgueria local', 'Peca hamburguer artesanal, combos e bebidas no Tem na Area.')
ON CONFLICT (id) DO NOTHING;

INSERT INTO cards_home (id, loja_id, titulo_exibicao, subtitulo_exibicao, descricao_curta, imagem_url, botao_label, link_destino, tipo_card, ordem_exibicao, ativo, data_inicio)
VALUES
  (1, 1, 'Burger na Area', 'Hamburgueria artesanal', 'Combos, porcoes e entrega rapida.', 'https://images.unsplash.com/photo-1568901346375-23c9450c58cd?auto=format&fit=crop&w=700&q=80', 'Ver loja', '/loja/burger-na-area', 'LOJA', 1, TRUE, NOW()),
  (2, 2, 'Doce na Area', 'Encomendas pelo WhatsApp', 'Bolos, docinhos e kits para festas.', 'https://images.unsplash.com/photo-1519864600265-abb23847ef2c?auto=format&fit=crop&w=700&q=80', 'Chamar no WhatsApp', 'https://wa.me/5511955554444', 'WHATSAPP', 2, TRUE, NOW())
ON CONFLICT (id) DO NOTHING;

INSERT INTO categorias (id, loja_id, nome, slug, descricao, tipo_categoria, ordem_exibicao, ativo)
VALUES
  (1, 1, 'Hamburgueres', 'hamburgueres', 'Lanches artesanais da casa.', 'AMBOS', 1, TRUE),
  (2, 1, 'Porcoes', 'porcoes', 'Acompanhamentos e extras.', 'AMBOS', 2, TRUE),
  (3, 1, 'Bebidas', 'bebidas', 'Refrigerantes e sucos.', 'AMBOS', 3, TRUE)
ON CONFLICT (id) DO NOTHING;

INSERT INTO cardapios (id, loja_id, categoria_id, nome, descricao, status_cardapio, ordem_exibicao)
VALUES
  (1, 1, 1, 'Cardapio Principal', 'Lanches mais vendidos da loja.', 'ATIVO', 1),
  (2, 1, 2, 'Acompanhamentos', 'Itens adicionais para completar o pedido.', 'ATIVO', 2),
  (3, 1, 3, 'Bebidas', 'Bebidas geladas.', 'ATIVO', 3)
ON CONFLICT (id) DO NOTHING;

INSERT INTO produtos (id, loja_id, categoria_id, cardapio_id, sku, nome, slug, descricao, descricao_curta, imagem_url, preco, preco_promocional, custo, estoque_atual, estoque_minimo, controla_estoque, permite_venda_sem_estoque, destaque_home, status_produto)
VALUES
  (1, 1, 1, 1, 'BURG-001', 'Burger Classic', 'burger-classic', 'Pao brioche, burger 160g, queijo, alface e molho da casa.', 'O classico mais pedido da loja.', 'https://images.unsplash.com/photo-1568901346375-23c9450c58cd?auto=format&fit=crop&w=700&q=80', 28.90, 25.90, 12.00, 100, 10, TRUE, FALSE, TRUE, 'ATIVO'),
  (2, 1, 1, 1, 'BURG-002', 'Burger Bacon', 'burger-bacon', 'Burger 180g, queijo cheddar, bacon crocante e cebola caramelizada.', 'Hamburguer premium com bacon.', 'https://images.unsplash.com/photo-1550317138-10000687a72b?auto=format&fit=crop&w=700&q=80', 34.90, NULL, 15.00, 80, 8, TRUE, FALSE, TRUE, 'ATIVO'),
  (3, 1, 2, 2, 'SIDE-001', 'Batata Frita Crocante', 'batata-frita-crocante', 'Porcao individual de batata frita crocante.', 'Acompanhamento ideal para qualquer combo.', 'https://images.unsplash.com/photo-1576107232684-1279f390859f?auto=format&fit=crop&w=700&q=80', 14.90, NULL, 5.50, 120, 12, TRUE, FALSE, FALSE, 'ATIVO'),
  (4, 1, 3, 3, 'DRINK-001', 'Refrigerante Lata', 'refrigerante-lata', 'Lata 350ml em sabores variados.', 'Bebida gelada para completar o pedido.', 'https://images.unsplash.com/photo-1581006852262-e4307cf6283a?auto=format&fit=crop&w=700&q=80', 6.50, NULL, 2.80, 200, 20, TRUE, FALSE, FALSE, 'ATIVO'),
  (5, 1, 1, 1, 'COMBO-001', 'Combo Area', 'combo-area', 'Burger Classic, batata crocante e refrigerante lata.', 'Combo promocional da casa.', 'https://images.unsplash.com/photo-1550547660-d9450f859349?auto=format&fit=crop&w=700&q=80', 45.00, 39.90, 18.50, 60, 5, TRUE, FALSE, TRUE, 'ATIVO')
ON CONFLICT (id) DO NOTHING;

INSERT INTO pedidos (id, codigo, carrinho_id, loja_id, cliente_id, numero_pedido_loja, status_pedido, status_pagamento, tipo_entrega, canal_venda, nome_cliente, telefone_cliente, email_cliente, endereco_entrega_cep, endereco_entrega_logradouro, endereco_entrega_numero, endereco_entrega_bairro, endereco_entrega_cidade, endereco_entrega_estado, referencia_entrega, observacoes_cliente, subtotal, desconto, taxa_entrega, total, data_confirmacao, data_saida_entrega, data_conclusao, created_at)
VALUES
  (1, 'PED-20260314-0001', 1, 1, 1, 1, 'CONCLUIDO', 'PAGO', 'ENTREGA', 'SITE', 'Maria Souza', '11977776666', 'maria@temnaarea.com', '01001-000', 'Rua das Flores', '120', 'Centro', 'Sao Paulo', 'SP', 'Apto 12', 'Sem cebola no burger.', 65.70, 0.00, 6.00, 71.70, NOW(), NOW(), NOW(), NOW()),
  (2, 'PED-20260314-0002', NULL, 1, 2, 2, 'EM_PREPARO', 'PENDENTE', 'RETIRADA', 'SITE', 'Carlos Lima', '11966665555', 'carlos@temnaarea.com', NULL, NULL, NULL, NULL, NULL, NULL, NULL, 'Retirar no balcao.', 39.90, 0.00, 0.00, 39.90, NOW(), NULL, NULL, NOW())
ON CONFLICT (id) DO NOTHING;

INSERT INTO itens_pedido (id, pedido_id, produto_id, produto_nome, sku_produto, quantidade, preco_unitario, desconto_unitario, subtotal, observacoes)
VALUES
  (1, 1, 1, 'Burger Classic', 'BURG-001', 1, 25.90, 0.00, 25.90, 'Sem tomate'),
  (2, 1, 3, 'Batata Frita Crocante', 'SIDE-001', 1, 14.90, 0.00, 14.90, NULL),
  (3, 1, 4, 'Refrigerante Lata', 'DRINK-001', 1, 6.50, 0.00, 6.50, NULL),
  (4, 1, 2, 'Burger Bacon', 'BURG-002', 1, 18.40, 0.00, 18.40, 'Ponto da carne ao ponto'),
  (5, 2, 5, 'Combo Area', 'COMBO-001', 1, 39.90, 0.00, 39.90, 'Retirar no balcao')
ON CONFLICT (id) DO NOTHING;

INSERT INTO historico_status_pedido (id, pedido_id, status_anterior, status_novo, alterado_por_usuario_id, observacao, created_at)
VALUES
  (1, 1, NULL, 'NOVO', 3, 'Pedido criado pelo cliente.', NOW()),
  (2, 1, 'NOVO', 'ACEITO', 2, 'Pedido aceito pela loja.', NOW()),
  (3, 1, 'ACEITO', 'EM_PREPARO', 2, 'Pedido em preparo.', NOW()),
  (4, 1, 'EM_PREPARO', 'SAIU_PARA_ENTREGA', 2, 'Saiu para entrega.', NOW()),
  (5, 1, 'SAIU_PARA_ENTREGA', 'CONCLUIDO', 2, 'Pedido finalizado com sucesso.', NOW()),
  (6, 2, NULL, 'NOVO', 4, 'Pedido criado pelo cliente.', NOW()),
  (7, 2, 'NOVO', 'ACEITO', 2, 'Pedido aceito pela loja.', NOW()),
  (8, 2, 'ACEITO', 'EM_PREPARO', 2, 'Pedido em preparo.', NOW())
ON CONFLICT (id) DO NOTHING;

INSERT INTO metricas (id, loja_id, data_referencia, visitas_loja, visualizacoes_card_home, cliques_whatsapp, cliques_ligacao, cliques_site, produtos_visualizados, carrinhos_criados, pedidos_recebidos, pedidos_concluidos, pedidos_cancelados, faturamento_bruto, faturamento_liquido, ticket_medio, taxa_conversao)
VALUES
  (1, 1, '2026-03-14', 420, 980, 35, 4, 19, 310, 28, 2, 1, 0, 71.70, 71.70, 35.85, 0.48),
  (2, 2, '2026-03-14', 95, 260, 18, 0, 0, 0, 0, 0, 0, 0, 0.00, 0.00, 0.00, 0.00)
ON CONFLICT (id) DO NOTHING;

SELECT setval('planos_id_seq', COALESCE((SELECT MAX(id) FROM planos), 1), TRUE);
SELECT setval('usuarios_id_seq', COALESCE((SELECT MAX(id) FROM usuarios), 1), TRUE);
SELECT setval('clientes_id_seq', COALESCE((SELECT MAX(id) FROM clientes), 1), TRUE);
SELECT setval('administradores_id_seq', COALESCE((SELECT MAX(id) FROM administradores), 1), TRUE);
SELECT setval('donos_loja_id_seq', COALESCE((SELECT MAX(id) FROM donos_loja), 1), TRUE);
SELECT setval('solicitacoes_cadastro_id_seq', COALESCE((SELECT MAX(id) FROM solicitacoes_cadastro), 1), TRUE);
SELECT setval('lojas_id_seq', COALESCE((SELECT MAX(id) FROM lojas), 1), TRUE);
SELECT setval('configuracoes_loja_id_seq', COALESCE((SELECT MAX(id) FROM configuracoes_loja), 1), TRUE);
SELECT setval('cards_home_id_seq', COALESCE((SELECT MAX(id) FROM cards_home), 1), TRUE);
SELECT setval('categorias_id_seq', COALESCE((SELECT MAX(id) FROM categorias), 1), TRUE);
SELECT setval('cardapios_id_seq', COALESCE((SELECT MAX(id) FROM cardapios), 1), TRUE);
SELECT setval('produtos_id_seq', COALESCE((SELECT MAX(id) FROM produtos), 1), TRUE);
SELECT setval('pedidos_id_seq', COALESCE((SELECT MAX(id) FROM pedidos), 1), TRUE);
SELECT setval('itens_pedido_id_seq', COALESCE((SELECT MAX(id) FROM itens_pedido), 1), TRUE);
SELECT setval('historico_status_pedido_id_seq', COALESCE((SELECT MAX(id) FROM historico_status_pedido), 1), TRUE);
SELECT setval('metricas_id_seq', COALESCE((SELECT MAX(id) FROM metricas), 1), TRUE);
